{
    "rmse": 314772.0061404345,
    "mae": 1084.7469073748193,
    "interval": 55.79999999999994,
    "coverage": 0.0,
    "quantiles_score": -7.923094890401856,
    "ingestion_duration": 0
}