{
    "rmse": 9.59567041354197,
    "mae": 4.799978074958557,
    "interval": 0.15788452288394905,
    "coverage": 0.015,
    "quantiles_score": -9.785484815377146,
    "ingestion_duration": 0
}