{
    "rmse": 289669.3517443536,
    "mae": 1046.6528000000003,
    "interval": 53.89999999999994,
    "coverage": 0.0,
    "quantiles_score": -7.888452130646764,
    "ingestion_duration": 0
}