{
    "rmse": 6.612088011123769,
    "mae": 4.602893126240118,
    "interval": 0.3923601356805315,
    "coverage": 0.0,
    "quantiles_score": -9.223421759440368,
    "ingestion_duration": 24
}