{
    "rmse": 4.027195946886353,
    "mae": 3.2927635055852904,
    "interval": 0.205819131883042,
    "coverage": 0.0,
    "quantiles_score": -8.580540843705958
}