{
    "rmse": 0.13560177058527514,
    "mae": 0.27046,
    "interval": 0.2668000000000001,
    "coverage": 0.63,
    "quantiles_score": 1.3175148457250645
}