{
    "rmse": 0.3863590482420438,
    "mae": 0.49925581618404413,
    "interval": 0.3923601356805315,
    "coverage": 0.16,
    "quantiles_score": -7.957199228871565,
    "ingestion_duration": 24
}