{
    "rmse": 16.173448913202122,
    "mae": 7.615964974497809,
    "interval": 0.20011668963530307,
    "coverage": 0.0,
    "quantiles_score": -8.552581476466653
}