{
    "rmse": 14.520110829010557,
    "mae": 6.444343927412851,
    "interval": 0.15521398927165048,
    "coverage": 0.0,
    "quantiles_score": -8.299922984802716
}