{"systematics": {"tes": true, "jes": false, "soft_met": false, "w_scale": false, "bkg_scale": false}, "num_pseudo_experiments": 2, "num_of_sets": 5, "ground_truth_mus": [0.7913839129414459, 0.9136822203368234, 2.4889534726905027, 1.9930168960749197, 1.4133083624274096]}