{"systematics": {"tes": true, "jes": false, "soft_met": false, "w_scale": false, "bkg_scale": false}, "num_pseudo_experiments": 2, "num_of_sets": 5, "ground_truth_mus": [2.3566967668728607, 1.952023498990393, 0.16175478441298868, 2.997730291668864, 0.8653170727000177]}