{"systematics": {"tes": true, "jes": false, "soft_met": false, "w_scale": false, "bkg_scale": false}, "num_pseudo_experiments": 2, "num_of_sets": 5, "ground_truth_mus": [1.8193549746634836, 2.3038459474343846, 1.4028823975988958, 1.4159866916012187, 2.352345238237854]}