{
    "mu_hats": [
        1.618832288124884,
        5.055158872094229,
        4.280002646487391,
        5.431728021915912,
        2.491632447678294,
        5.252487718477587,
        2.503550224753307,
        0.7811484618546418,
        1.396221199911858,
        4.876030561161575,
        1.0,
        6.910627953806102,
        2.860125146354598,
        0.5010900206896616,
        5.855057120721752,
        6.9061500879388245,
        3.987801493108719,
        6.4204253021278,
        4.026117054625129,
        6.459356536199298,
        3.52837489393861,
        6.625013408175263,
        6.905616058755579,
        3.1175867311113,
        3.3168249576822153,
        6.494142698417013,
        1.1075455094602096,
        7.04712762649155,
        5.565956500384952,
        1.7138723085141532,
        5.35289241742999,
        7.346562667052096,
        5.583935955366839,
        2.800939798764162,
        2.9231123932374548,
        7.1448084867935835,
        1.941056404806884,
        6.40151597525655,
        5.7365203359726396,
        -0.01376052706252287,
        1.9817955182725504,
        6.94283997235862,
        3.2806211823809455,
        0.7239389800046053,
        3.529900965264639,
        1.015420995335554,
        0.9385849984444024,
        2.721725962337834,
        6.156490655828196,
        6.60837956443427
    ],
    "delta_mu_hats": [
        0.13520260006725326,
        0.16319531443578583,
        0.15500618031000002,
        0.16814434640462217,
        0.1431256827840217,
        0.16435450913159677,
        0.13636080923576177,
        0.12832026984520262,
        0.13158877946487912,
        0.16113196551626352,
        0.09113826182932028,
        0.1895271141053776,
        0.14819411726480247,
        0.1281528816737072,
        0.17487258121315286,
        0.2244097045682576,
        0.15155740942103701,
        0.16591878155485063,
        0.15156637876799373,
        0.22718191302404023,
        0.15620008699154564,
        0.18063788867669572,
        0.1949564989024708,
        0.14385631001259735,
        0.1472119121594453,
        0.17885998875387266,
        0.13238931841692558,
        0.18421050087943058,
        0.16932578649348606,
        0.14208304111081604,
        0.1650504704092537,
        0.17667250313538752,
        0.1706865325320468,
        0.1443196842171286,
        0.1455801662921834,
        0.17775676330001744,
        0.13575412867999437,
        0.17465417999712507,
        0.17106499741434078,
        0.12080768791125607,
        0.1388203706005009,
        0.18592621316644653,
        0.14605279819563233,
        0.12506977643932515,
        0.1526448397654212,
        0.12843291292123793,
        0.13279125487405352,
        0.13923580871529317,
        0.1772242126954513,
        0.18072881411548813
    ],
    "p16": [
        1.5512309880912574,
        4.973561214876336,
        4.202499556332391,
        5.347655848713601,
        2.420069606286283,
        5.170310463911789,
        2.435369820135426,
        0.7169883269320405,
        1.3304268101794183,
        4.795464578403443,
        0.9544308690853399,
        6.815864396753414,
        2.7860280877221966,
        0.437013579852808,
        5.767620830115176,
        6.793945235654696,
        3.9120227883982004,
        6.337465911350375,
        3.9503338652411317,
        6.345765579687278,
        3.4502748504428373,
        6.5346944638369155,
        6.808137809304344,
        3.0456585761050015,
        3.2432190016024927,
        6.404712704040077,
        1.0413508502517468,
        6.955022376051835,
        5.481293607138209,
        1.6428307879587452,
        5.270367182225363,
        7.258226415484402,
        5.498592689100816,
        2.7287799566555977,
        2.850322310091363,
        7.055930105143575,
        1.8731793404668868,
        6.3141888852579875,
        5.650987837265469,
        -0.0741643710181509,
        1.9123853329723,
        6.849876865775396,
        3.2075947832831293,
        0.6614040917849427,
        3.4535785453819283,
        0.951204538874935,
        0.8721893710073756,
        2.6521080579801874,
        6.06787854948047,
        6.518015157376526
    ],
    "p84": [
        1.6864335881585106,
        5.136756529312122,
        4.357505736642391,
        5.515800195118223,
        2.563195289070305,
        5.3346649730433855,
        2.5717306293711877,
        0.8453085967772431,
        1.4620155896442975,
        4.956596543919707,
        1.0455691309146602,
        7.005391510858791,
        2.934222204986999,
        0.5651664615265152,
        5.9424934113283285,
        7.018354940222953,
        4.063580197819237,
        6.503384692905225,
        4.1019002440091255,
        6.572947492711318,
        3.606474937434383,
        6.715332352513611,
        7.003094308206815,
        3.189514886117599,
        3.390430913761938,
        6.5835726927939495,
        1.1737401686686724,
        7.139232876931265,
        5.650619393631695,
        1.7849138290695612,
        5.435417652634617,
        7.43489891861979,
        5.669279221632863,
        2.8730996408727263,
        2.9959024763835465,
        7.233686868443592,
        2.008933469146881,
        6.488843065255113,
        5.82205283467981,
        0.046643316893105156,
        2.051205703572801,
        7.035803078941843,
        3.3536475814787616,
        0.7864738682242679,
        3.6062233851473495,
        1.0796374517961729,
        1.0049806258814291,
        2.7913438666954806,
        6.245102762175922,
        6.698743971492014
    ]
}