{
    "mu_hats": [
        -4642.8585946574585,
        -4505.657140489208
    ],
    "delta_mu_hats": [
        47.77631956158257,
        50.66745009643637
    ],
    "p16": [
        -4666.74675443825,
        -4530.9908655374265
    ],
    "p84": [
        -4618.970434876667,
        -4480.32341544099
    ]
}