{
    "mu_hats": [
        3.3772587210835834,
        3.454971102886484
    ],
    "delta_mu_hats": [
        0.25686902264597045,
        0.25254758648811926
    ],
    "p16": [
        3.248824209760598,
        3.328697309642424
    ],
    "p84": [
        3.5056932324065686,
        3.5812448961305434
    ]
}