{
    "mu_hats": [
        1333.6444189831695,
        -201.39841864526744
    ],
    "delta_mu_hats": [
        14.133022658969821,
        10.578328354505757
    ],
    "p16": [
        1326.5779076536846,
        -206.6875828225203
    ],
    "p84": [
        1340.7109303126545,
        -196.10925446801457
    ]
}