{
    "mu_hats": [
        -486.5543574214785,
        1836.8025484809307
    ],
    "delta_mu_hats": [
        9.70334472293166,
        14.841899274162188
    ],
    "p16": [
        -491.40602978294436,
        1829.3815988438496
    ],
    "p84": [
        -481.7026850600127,
        1844.2234981180118
    ]
}