{
    "mu_hats": [
        1.52880370945981,
        5.019062746473689,
        0.18704368293154564,
        5.822641657674631,
        2.170234164313239,
        -0.8333445596922932,
        -0.34808513514344236,
        0.2830030491539812,
        0.28884034213690857,
        0.8070991112473386,
        -0.5337178140760716,
        5.554248801505146,
        1.3674363614863658,
        5.649566148430075,
        4.2202108763480926,
        5.266804327276939,
        -0.3295706875512564,
        6.326552179842114,
        5.840317457263845,
        5.297191903333082,
        1.798384460786313,
        0.5315371746347409,
        2.978366297533812,
        1.193198705475788,
        0.7098338916658855,
        4.1280622156104,
        5.19019346955054,
        0.08649897898665657,
        -0.6508904453410391,
        -0.06791268078364467,
        0.636190646389361,
        5.011785108918834,
        5.0712755206439954,
        0.9450422982520271,
        3.2153198349085734,
        4.440518174764371,
        4.895068773367115,
        3.028168110399523,
        6.495815348329087,
        -0.7070006253582108,
        4.25229007157638,
        2.059719547357825,
        5.827392919402105,
        6.093834370070563,
        6.0261528269693265,
        0.6042777031640607,
        5.783563651792842,
        0.13138806761537283,
        3.58209285198681,
        1.6897632351075664
    ],
    "delta_mu_hats": [
        0.13398290288257408,
        0.16769914290486732,
        0.12906728124825756,
        0.15805280260641297,
        0.1393935773353414,
        0.11519319087496616,
        0.11616784475033082,
        0.12030067039560044,
        0.12260865576774863,
        0.13573234189333028,
        0.11219794003081307,
        0.1769243242927967,
        0.12952261964489553,
        0.5729835960609329,
        0.15992803346100715,
        0.16095867925016982,
        0.12480150638270826,
        0.24986574740499456,
        0.2001613737885144,
        0.17726910650748628,
        0.13126394003572583,
        0.12481693347348916,
        0.14405262566707933,
        0.12699044418605387,
        0.12449668831557337,
        0.1580596797199032,
        0.17316055046353718,
        0.12058556128032988,
        0.11435295797079315,
        0.11890681253635156,
        0.12450933634597305,
        0.175904209460219,
        0.16735404174660395,
        0.12654412363934475,
        0.1484788229276619,
        0.15816865487192366,
        0.1956645703766391,
        0.1453356593920807,
        0.17584127546451533,
        0.12073983896453444,
        0.16083279459765087,
        0.1342455497650894,
        0.15203853384364585,
        0.16415338922106848,
        0.1847006092482122,
        0.12887645469981468,
        0.16408475496469066,
        0.12376458868480583,
        0.1532105130647734,
        0.1383486987560194
    ],
    "p16": [
        1.4618122580185229,
        4.935213175021255,
        0.12251004230741684,
        5.743615256371425,
        2.100537375645568,
        -0.8909411551297762,
        -0.40616905751860777,
        0.222852713956181,
        0.22753601425303424,
        0.7392329403006734,
        -0.5898167840914781,
        5.465786639358748,
        1.302675051663918,
        5.363074350399609,
        4.140246859617589,
        5.1863249876518545,
        -0.39197144074261053,
        6.201619306139617,
        5.740236770369588,
        5.208557350079339,
        1.7327524907684502,
        0.4691287078979964,
        2.9063399847002724,
        1.129703483382761,
        0.6475855475080988,
        4.049032375750448,
        5.103613194318771,
        0.02620619834649162,
        -0.7080669243264357,
        -0.12736608705182045,
        0.5739359782163744,
        4.923833004188724,
        4.9875984997706935,
        0.8817702364323547,
        3.1410804234447425,
        4.361433847328409,
        4.797236488178796,
        2.9555002807034825,
        6.407894710596829,
        -0.7673705448404781,
        4.171873674277554,
        1.9925967724752804,
        5.751373652480282,
        6.011757675460029,
        5.93380252234522,
        0.5398394758141534,
        5.701521274310497,
        0.06950577327296992,
        3.505487595454423,
        1.6205888857295567
    ],
    "p84": [
        1.595795160901097,
        5.102912317926123,
        0.2515773235556744,
        5.901668058977838,
        2.2399309529809095,
        -0.7757479642548101,
        -0.29000121276827695,
        0.34315338435178144,
        0.35014467002078287,
        0.8749652821940037,
        -0.477618844060665,
        5.6427109636515445,
        1.4321976713088136,
        5.936057946460542,
        4.300174893078596,
        5.347283666902024,
        -0.2671699343599023,
        6.451485053544611,
        5.940398144158102,
        5.385826456586825,
        1.864016430804176,
        0.5939456413714855,
        3.0503926103673518,
        1.256693927568815,
        0.7720822358236722,
        4.207092055470351,
        5.276773744782308,
        0.1467917596268215,
        -0.5937139663556426,
        -0.008459274515468893,
        0.6984453145623475,
        5.099737213648943,
        5.154952541517297,
        1.0083143600716995,
        3.2895592463724044,
        4.519602502200333,
        4.992901058555435,
        3.100835940095563,
        6.5837359860613445,
        -0.6466307058759436,
        4.332706468875205,
        2.12684232224037,
        5.903412186323928,
        6.175911064681097,
        6.118503131593433,
        0.668715930513968,
        5.865606029275187,
        0.19327036195777575,
        3.6586981085191965,
        1.7589375844855761
    ]
}