{
    "mu_hats": [
        0.10908528057003947,
        0.10908528057003947
    ],
    "delta_mu_hats": [
        0.005455885231088012,
        0.005455885231088012
    ],
    "p16": [
        0.10362939533895145,
        0.10362939533895145
    ],
    "p84": [
        0.11454116580112748,
        0.11454116580112748
    ]
}