{
    "mu_hats": [
        3.0281173921610804,
        4.018720570693505
    ],
    "delta_mu_hats": [
        0.253332894110021,
        0.27691303577654924
    ],
    "p16": [
        2.9014509451060695,
        3.8802640528052303
    ],
    "p84": [
        3.1547838392160905,
        4.157177088581779
    ]
}