{
    "mu_hats": [
        0.10867825438883769,
        0.10867825438883769
    ],
    "delta_mu_hats": [
        0.005435539992006867,
        0.005435539992006867
    ],
    "p16": [
        0.10324271439683082,
        0.10324271439683082
    ],
    "p84": [
        0.11411379438084455,
        0.11411379438084455
    ]
}