{
    "mu_hats": [
        -919.4926099457662,
        -1054.8916450252486
    ],
    "delta_mu_hats": [
        14.117127320585496,
        13.80998794988875
    ],
    "p16": [
        -926.5511736060589,
        -1061.796639000193
    ],
    "p84": [
        -912.4340462854734,
        -1047.9866510503043
    ]
}