{
    "mu_hats": [
        -3.0916949373590628,
        -3.0916949373590628
    ],
    "delta_mu_hats": [
        1.455958137620037,
        1.455958137620037
    ],
    "p16": [
        -3.8196740061690813,
        -3.8196740061690813
    ],
    "p84": [
        -2.3637158685490443,
        -2.3637158685490443
    ]
}