{
    "mu_hats": [
        0.10864882228534734,
        0.10864882228534734
    ],
    "delta_mu_hats": [
        0.005434068827515547,
        0.005434068827515547
    ],
    "p16": [
        0.10321475345783179,
        0.10321475345783179
    ],
    "p84": [
        0.11408289111286288,
        0.11408289111286288
    ]
}