{
    "mu_hats": [
        1494.593852120859,
        2376.3622143563093
    ],
    "delta_mu_hats": [
        20.713206596127975,
        16.71850768621198
    ],
    "p16": [
        1484.2372488227952,
        2368.0029605132036
    ],
    "p84": [
        1504.950455418923,
        2384.7214681994155
    ]
}