{
    "mu_hats": [
        1275.8871624297972,
        784.5869246618398
    ],
    "delta_mu_hats": [
        13.694079948995295,
        14.699241748829309
    ],
    "p16": [
        1269.0401224552995,
        777.2373037874252
    ],
    "p84": [
        1282.7342024042948,
        791.9365455362545
    ]
}