{
    "mu_hats": [
        615.1351502161878,
        356.0825646197977
    ],
    "delta_mu_hats": [
        14.702910816841722,
        14.49423488772095
    ],
    "p16": [
        607.7836948077669,
        348.83544717593725
    ],
    "p84": [
        622.4866056246086,
        363.3296820636582
    ]
}