{
    "mu_hats": [
        3.9039581768508915,
        3.9039581768508915
    ],
    "delta_mu_hats": [
        5.286108008343753,
        5.286108008343753
    ],
    "p16": [
        1.2609041726790151,
        1.2609041726790151
    ],
    "p84": [
        6.547012181022768,
        6.547012181022768
    ]
}