{
    "mu_hats": [
        0.10911683518099305,
        0.10911683518099305
    ],
    "delta_mu_hats": [
        0.005457462492952537,
        0.005457462492952537
    ],
    "p16": [
        0.10365937268804051,
        0.10365937268804051
    ],
    "p84": [
        0.11457429767394559,
        0.11457429767394559
    ]
}