{
    "mu_hats": [
        0.8175038778941,
        0.8175038778941
    ],
    "delta_mu_hats": [
        0.8333593279533553,
        0.8333593279533553
    ],
    "p16": [
        0.4008242139174223,
        0.4008242139174223
    ],
    "p84": [
        1.2341835418707776,
        1.2341835418707776
    ]
}