{
    "mu_hats": [
        7.047052205100562,
        4.548541712499002,
        7.068919269716117,
        1.341999649989726,
        6.070550483937148,
        3.136445501373945,
        2.127981788871881,
        3.378932805113841,
        4.6369863874766395,
        3.828820065642669,
        4.319694355208945,
        2.4783925607208124,
        5.7021820963731695,
        7.912723027097193,
        2.463560482925752,
        0.6356383347579027,
        7.5293125691115845,
        7.146458382307602,
        7.392759659490115,
        7.371971132399043,
        9.908837372602077,
        5.542557060296982,
        7.76172758382288,
        7.845773143842739,
        7.50380707873462,
        4.657981469298065,
        2.2739189751203237,
        4.607613753251959,
        6.802784348275807,
        2.192882476900687,
        3.8224823376453214,
        4.509179755148577,
        6.579361990742906,
        0.7980927589695903,
        2.652535554490294,
        1.6375808414714694,
        0.8699719046473796,
        0.4967938304794574,
        1.3920148556937995,
        0.912697870182363,
        7.2743938906854115,
        6.939639166841614,
        6.5519761026692676,
        7.18888312686931,
        8.386418169794426,
        7.589288049698568,
        5.097993322770438,
        0.10987919720288258,
        6.334665852098118,
        7.664403678609532
    ],
    "delta_mu_hats": [
        0.20665564613824472,
        0.15767075184045076,
        0.18350628587288575,
        0.13279729806807783,
        0.17465224030183357,
        0.15583240552262012,
        0.14652869579367778,
        0.14818441233794477,
        0.1600551895862523,
        0.15412378322846276,
        0.15485739983736657,
        0.14446377899010265,
        0.1721156059702249,
        0.21176692142651898,
        0.14623468939884265,
        0.13020359493381628,
        0.18312038828206134,
        0.18857987717309221,
        0.19931163955762266,
        0.17057316829659186,
        0.22747397504036115,
        0.16632928693169724,
        0.19585146037353418,
        0.19654817480895836,
        0.2912661475974936,
        0.15955598529936132,
        0.13758273673200616,
        0.15616314157431255,
        0.18983738642447356,
        0.13584105559655768,
        0.1541976170934758,
        0.15731409972981858,
        0.17778817005221725,
        0.12736797186251425,
        0.14080467283448872,
        0.13648695055704207,
        0.1319018312362068,
        0.12684715928255652,
        0.13386678362341087,
        0.1314954407788098,
        0.18646456229697428,
        0.22141856142384064,
        0.179379095059927,
        0.2744833342889308,
        0.2164686622305041,
        0.19585216022323948,
        0.1606369916690955,
        0.12434468986711256,
        0.17568883610486807,
        0.18329057708033147
    ],
    "p16": [
        6.94372438203144,
        4.469706336578777,
        6.977166126779674,
        1.275601000955687,
        5.983224363786231,
        3.058529298612635,
        2.054717440975042,
        3.304840598944869,
        4.556958792683513,
        3.7517581740284376,
        4.242265655290262,
        2.406160671225761,
        5.616124293388057,
        7.806839566383933,
        2.3904431382263307,
        0.5705365372909945,
        7.437752374970554,
        7.052168443721056,
        7.2931038397113035,
        7.286684548250747,
        9.795100385081897,
        5.459392416831133,
        7.663801853636113,
        7.74749905643826,
        7.358174004935873,
        4.578203476648384,
        2.2051276067543206,
        4.529532182464803,
        6.7078656550635705,
        2.124961949102408,
        3.7453835290985835,
        4.430522705283668,
        6.490467905716797,
        0.7344087730383332,
        2.5821332180730496,
        1.5693373661929484,
        0.8040209890292762,
        0.43337025083817915,
        1.325081463882094,
        0.8469501497929581,
        7.181161609536924,
        6.828929886129694,
        6.462286555139304,
        7.051641459724845,
        8.278183838679174,
        7.491361969586948,
        5.01767482693589,
        0.0477068522693263,
        6.246821434045684,
        7.5727583900693665
    ],
    "p84": [
        7.1503800281696845,
        4.627377088419228,
        7.16067241265256,
        1.408398299023765,
        6.157876604088065,
        3.2143617041352552,
        2.2012461367687197,
        3.4530250112828136,
        4.717013982269766,
        3.9058819572569003,
        4.397123055127628,
        2.5506244502158637,
        5.788239899358282,
        8.018606487810452,
        2.5366778276251734,
        0.7007401322248108,
        7.620872763252615,
        7.2407483208941485,
        7.492415479268926,
        7.457257716547339,
        10.022574360122258,
        5.625721703762831,
        7.859653314009647,
        7.944047231247218,
        7.649440152533367,
        4.737759461947745,
        2.342710343486327,
        4.6856953240391155,
        6.897703041488044,
        2.260803004698966,
        3.8995811461920593,
        4.587836805013486,
        6.668256075769015,
        0.8617767449008474,
        2.7229378909075383,
        1.7058243167499905,
        0.935922820265483,
        0.5602174101207357,
        1.458948247505505,
        0.9784455905717679,
        7.367626171833899,
        7.050348447553534,
        6.641665650199231,
        7.326124794013776,
        8.494652500909678,
        7.6872141298101875,
        5.1783118186049855,
        0.17205154213643886,
        6.422510270150552,
        7.756048967149698
    ]
}