{
    "mu_hats": [
        0.10882774966449897,
        0.10882774966449897
    ],
    "delta_mu_hats": [
        0.005443012521094441,
        0.005443012521094441
    ],
    "p16": [
        0.10338473714340453,
        0.10338473714340453
    ],
    "p84": [
        0.11427076218559341,
        0.11427076218559341
    ]
}