{
    "mu_hats": [
        -1030.0068773283,
        -4736.138708553995
    ],
    "delta_mu_hats": [
        13.965918957700751,
        51.57841855476045
    ],
    "p16": [
        -1036.9898368071506,
        -4761.9279178313745
    ],
    "p84": [
        -1023.0239178494498,
        -4710.349499276614
    ]
}