{
    "mu_hats": [
        2533.169711465788,
        -962.9281691236617
    ],
    "delta_mu_hats": [
        18.788848591085298,
        165.6694512815002
    ],
    "p16": [
        2523.7752871702455,
        -1045.7628947644118
    ],
    "p84": [
        2542.564135761331,
        -880.0934434829117
    ]
}