{
    "mu_hats": [
        4.790365613110183,
        4.779184648008416
    ],
    "delta_mu_hats": [
        0.28390521161927307,
        0.2908059452229814
    ],
    "p16": [
        4.648413007300546,
        4.633781675396925
    ],
    "p84": [
        4.93231821891982,
        4.924587620619906
    ]
}