{
    "mu_hats": [
        0.10881105260578809,
        0.10881105260578809
    ],
    "delta_mu_hats": [
        0.005442177917446533,
        0.005442177917446533
    ],
    "p16": [
        0.10336887468834156,
        0.10336887468834156
    ],
    "p84": [
        0.11425323052323462,
        0.11425323052323462
    ]
}