{
    "mu_hats": [
        594.890077322394,
        476.14318813341424
    ],
    "delta_mu_hats": [
        16.58715845756592,
        12.133479003561888
    ],
    "p16": [
        586.596498093611,
        470.0764486316333
    ],
    "p84": [
        603.1836565511769,
        482.2099276351952
    ]
}