{
    "mu_hats": [
        0.10889092963665492,
        0.10889092963665492
    ],
    "delta_mu_hats": [
        0.005446170577114809,
        0.005446170577114809
    ],
    "p16": [
        0.1034447590595401,
        0.1034447590595401
    ],
    "p84": [
        0.11433710021376974,
        0.11433710021376974
    ]
}