{
    "mu_hats": [
        0.8175038778941,
        0.8175038778941
    ],
    "delta_mu_hats": [
        0.8452924861176112,
        0.8452924861176112
    ],
    "p16": [
        0.39485763483529435,
        0.39485763483529435
    ],
    "p84": [
        1.2401501209529056,
        1.2401501209529056
    ]
}