{
    "mu_hats": [
        0.1092008864765376,
        0.1092008864765376
    ],
    "delta_mu_hats": [
        0.005461663810630223,
        0.005461663810630223
    ],
    "p16": [
        0.10373922266590738,
        0.10373922266590738
    ],
    "p84": [
        0.11466255028716782,
        0.11466255028716782
    ]
}