{
    "mu_hats": [
        -1021.2832582312597,
        -938.5319627372886
    ],
    "delta_mu_hats": [
        13.850724260986453,
        13.594141983675513
    ],
    "p16": [
        -1028.2086203617528,
        -945.3290337291264
    ],
    "p84": [
        -1014.3578961007663,
        -931.7348917454508
    ]
}