{
    "mu_hats": [
        -2.501851145634757,
        -2.501851145634757
    ],
    "delta_mu_hats": [
        1.9080989619673545,
        1.9080989619673545
    ],
    "p16": [
        -3.4559006266184342,
        -3.4559006266184342
    ],
    "p84": [
        -1.5478016646510797,
        -1.5478016646510797
    ]
}