{
    "mu_hats": [
        0.8175038778941,
        0.8175038778941
    ],
    "delta_mu_hats": [
        0.8150370347726383,
        0.8150370347726383
    ],
    "p16": [
        0.4099853605077808,
        0.4099853605077808
    ],
    "p84": [
        1.2250223952804191,
        1.2250223952804191
    ]
}