{
    "mu_hats": [
        4.36134350605537,
        4.6087252118598485
    ],
    "delta_mu_hats": [
        0.2687451760611186,
        0.266399566955152
    ],
    "p16": [
        4.22697091802481,
        4.475525428382273
    ],
    "p84": [
        4.495716094085928,
        4.741924995337424
    ]
}