{
    "mu_hats": [
        -1058.5211805046818,
        -1022.3723538355212
    ],
    "delta_mu_hats": [
        12.193382937107685,
        14.333716034108534
    ],
    "p16": [
        -1064.6178719732357,
        -1029.5392118525756
    ],
    "p84": [
        -1052.4244890361279,
        -1015.2054958184669
    ]
}