{
    "mu_hats": [
        -4.889600578980284,
        -4.889600578980284
    ],
    "delta_mu_hats": [
        0.433911132403507,
        0.433911132403507
    ],
    "p16": [
        -5.106556145182037,
        -5.106556145182037
    ],
    "p84": [
        -4.67264501277853,
        -4.67264501277853
    ]
}