{
    "mu_hats": [
        0.8175038778941,
        0.8175038778941
    ],
    "delta_mu_hats": [
        0.835782518393576,
        0.835782518393576
    ],
    "p16": [
        0.399612618697312,
        0.399612618697312
    ],
    "p84": [
        1.235395137090888,
        1.235395137090888
    ]
}