{
    "mu_hats": [
        3.023808515122126,
        3.438964700844202,
        6.2614263138965,
        2.0583754521862843,
        1.7831681731503075,
        2.3781159940117162,
        0.6990159759827719,
        -0.39595158315417356,
        2.0228893913661605,
        -0.534693778438735,
        0.17612621262832698,
        2.4639111670905725,
        0.02466770477223176,
        2.568607374365557,
        1.0024598312793467,
        3.129093562171592,
        0.38298458994155626,
        -0.3712717380544023,
        1.2818322633776758,
        3.989073102667856,
        4.625140180438958,
        1.8522177073172508,
        5.632239065210154,
        5.915079720195715,
        6.4150079903286406,
        2.0502263829782588,
        -0.6121763796399035,
        5.807254686085184,
        6.400509517639917,
        0.08943375992262911,
        -0.38196901213718387,
        1.186289828945751,
        2.4594204357523086,
        0.5379967704187167,
        0.24055547619170223,
        -0.633024456875007,
        5.441896837462829,
        3.339053075568286,
        5.551602793015149,
        5.541966171537921,
        -0.1878418740625957,
        1.0465758847095554,
        5.198489148096296,
        6.118804716578471,
        1.9540477171592354,
        5.930055318466647,
        1.8554743413747266,
        5.878328482029019,
        -0.3898683064019875,
        1.421321777485975
    ],
    "delta_mu_hats": [
        0.14350130412524553,
        0.14995654233262634,
        0.26328335342022235,
        0.1373304691389181,
        0.13400524386274038,
        0.14522367655172363,
        0.12543638107958155,
        0.12415631066381994,
        0.13855403395646615,
        0.117987278992219,
        0.12257858594543125,
        0.1398217182058854,
        0.1222234768045716,
        0.14135436112036803,
        0.12537989409094585,
        0.14783698517177069,
        0.12781523268219042,
        0.11409319435051513,
        0.1357776740993648,
        0.15903228838532835,
        0.17632322929162214,
        0.13845002654286498,
        0.1904708446413128,
        0.16171365913539226,
        0.16916136678987748,
        0.13634994392407385,
        0.11748561302489136,
        0.16579196396206086,
        0.2611906291676451,
        0.12136781360004983,
        0.12031258255946176,
        0.13115167757038781,
        0.1409681108861527,
        0.12521571080207816,
        0.12408695992859933,
        0.11559163202813938,
        0.15324147417856615,
        0.15086213481468302,
        0.16475637865219106,
        0.1729515968567199,
        0.12707683571620182,
        0.13032825768428102,
        0.18202184482448303,
        0.18932014107318196,
        0.13962836061040873,
        0.19391132552861734,
        0.13943208614542213,
        0.22027920272859625,
        0.11713608372435436,
        0.1309487956260984
    ],
    "p16": [
        2.9520578630595034,
        3.363986429677889,
        6.129784637186389,
        1.9897102176168253,
        1.7161655512189373,
        2.3055041557358544,
        0.6362977854429811,
        -0.4580297384860835,
        1.9536123743879275,
        -0.5936874179348445,
        0.11483691965561135,
        2.3940003079876297,
        -0.03644403363005404,
        2.497930193805373,
        0.9397698842338738,
        3.0551750695857067,
        0.31907697360046106,
        -0.42831833522965984,
        1.2139434263279933,
        3.9095569584751915,
        4.536978565793147,
        1.7829926940458183,
        5.5370036428894975,
        5.834222890628019,
        6.330427306933702,
        1.982051411016222,
        -0.6709191861523491,
        5.724358704104153,
        6.269914203056095,
        0.028749853122604203,
        -0.44212530341691475,
        1.1207139901605572,
        2.3889363803092323,
        0.47538891501767766,
        0.17851199622740258,
        -0.6908202728890767,
        5.365276100373546,
        3.2636220081609446,
        5.469224603689053,
        5.455490373109561,
        -0.2513802919206966,
        0.9814117558674149,
        5.107478225684054,
        6.02414464604188,
        1.884233536854031,
        5.8330996557023385,
        1.7857582983020155,
        5.768188880664721,
        -0.4484363482641647,
        1.3558473796729258
    ],
    "p84": [
        3.095559167184749,
        3.5139429720105153,
        6.393067990606611,
        2.1270406867557434,
        1.8501707950816777,
        2.450727832287578,
        0.7617341665225627,
        -0.3338734278222636,
        2.0921664083443936,
        -0.4757001389426255,
        0.2374155056010426,
        2.533822026193515,
        0.08577944317451756,
        2.639284554925741,
        1.0651497783248196,
        3.2030120547574774,
        0.44689220628265147,
        -0.3142251408791447,
        1.3497211004273582,
        4.06858924686052,
        4.713301795084769,
        1.9214427205886833,
        5.72747448753081,
        5.995936549763411,
        6.499588673723579,
        2.118401354940296,
        -0.5534335731274578,
        5.890150668066214,
        6.53110483222374,
        0.15011766672265403,
        -0.321812720857453,
        1.251865667730945,
        2.529904491195385,
        0.6006046258197558,
        0.3025989561560019,
        -0.5752286408609373,
        5.518517574552112,
        3.4144841429756276,
        5.633980982341244,
        5.628441969966281,
        -0.1243034562044948,
        1.111740013551696,
        5.289500070508537,
        6.213464787115062,
        2.02386189746444,
        6.027010981230956,
        1.9251903844474376,
        5.988468083393317,
        -0.3313002645398103,
        1.4867961752990242
    ]
}