{
    "mu_hats": [
        -31.57878651166675,
        -650.70730449723
    ],
    "delta_mu_hats": [
        14.672593501803476,
        13.416261754036213
    ],
    "p16": [
        -38.91508326256849,
        -657.4154353742481
    ],
    "p84": [
        -24.24248976076501,
        -643.9991736202119
    ]
}