{
    "mu_hats": [
        -2.8102867340129,
        -2.8102867340129
    ],
    "delta_mu_hats": [
        1.9099750044733295,
        1.9099750044733295
    ],
    "p16": [
        -3.7652742362495646,
        -3.7652742362495646
    ],
    "p84": [
        -1.8552992317762351,
        -1.8552992317762351
    ]
}