{
    "mu_hats": [
        -553.1412186562463,
        838.1866799133195
    ],
    "delta_mu_hats": [
        13.57111022810841,
        16.139095045252816
    ],
    "p16": [
        -559.9267737703005,
        830.1171323906931
    ],
    "p84": [
        -546.3556635421921,
        846.2562274359459
    ]
}