{
    "mu_hats": [
        0.10908683707551252,
        0.10908683707551252
    ],
    "delta_mu_hats": [
        0.0054559630332364105,
        0.0054559630332364105
    ],
    "p16": [
        0.10363087404227611,
        0.10363087404227611
    ],
    "p84": [
        0.11454280010874893,
        0.11454280010874893
    ]
}