{
    "mu_hats": [
        2.711795158155252,
        4.567404136972089
    ],
    "delta_mu_hats": [
        0.26493217858047613,
        0.26539719844586784
    ],
    "p16": [
        2.579329068865014,
        4.434705537749155
    ],
    "p84": [
        2.8442612474454902,
        4.7001027361950225
    ]
}