{
    "mu_hats": [
        2277.188326569078,
        1667.592988044128
    ],
    "delta_mu_hats": [
        16.39687746804975,
        15.957590845829372
    ],
    "p16": [
        2268.989887835053,
        1659.6141926212133
    ],
    "p84": [
        2285.386765303103,
        1675.5717834670427
    ]
}