{
    "mu_hats": [
        -2.0861933255099867,
        -2.0861933255099867
    ],
    "delta_mu_hats": [
        1.899113678381438,
        1.899113678381438
    ],
    "p16": [
        -3.0357501647007057,
        -3.0357501647007057
    ],
    "p84": [
        -1.1366364863192677,
        -1.1366364863192677
    ]
}