{
    "mu_hats": [
        0.10904863194117409,
        0.10904863194117409
    ],
    "delta_mu_hats": [
        0.005454053344330055,
        0.005454053344330055
    ],
    "p16": [
        0.10359457859684404,
        0.10359457859684404
    ],
    "p84": [
        0.11450268528550414,
        0.11450268528550414
    ]
}