{
    "rmse": 872767.9891412796,
    "mae": 1575.980192195447,
    "interval": 13.55676998740845,
    "coverage": 0.0,
    "quantiles_score": -6.508262913810363,
    "ingestion_duration": 8
}