{
    "rmse": 2457955.4697374166,
    "mae": 2645.569895951857,
    "interval": 31.204354299800524,
    "coverage": 0.0,
    "quantiles_score": -7.341892792293066,
    "ingestion_duration": 3
}