{
    "rmse": 2.8541000854115874,
    "mae": 2.7094948476221177,
    "interval": 0.010900491993763218,
    "coverage": 0.0,
    "quantiles_score": 0.5298724356773575,
    "ingestion_duration": 1
}