{
    "rmse": 2.3022353691607753,
    "mae": 2.394259770889012,
    "interval": 0.0,
    "coverage": 0.0,
    "quantiles_score": 3.006452178953917,
    "ingestion_duration": 2
}